{"cameraMode":{"drawMode":0,"name":"Shaded","section":"Shading Mode"},"sceneLighting":true,"audioPlay":false,"sceneViewState":{"showFog":true,"showMaterialUpdate":false,"showSkybox":true,"showFlares":true,"showImageEffects":true,"showParticleSystems":true},"in2DMode":false,"pivot":{"x":0.0028414875268936159,"y":0.37523260712623598,"z":0.061403319239616397},"rotation":{"x":0.03948235884308815,"y":-0.8774855136871338,"z":0.07335086166858673,"w":0.4723290205001831},"size":0.4762343168258667,"orthographic":false}