{"cameraMode":{"drawMode":0,"name":"Shaded","section":"Shading Mode"},"sceneLighting":false,"audioPlay":false,"sceneViewState":{"showFog":true,"showMaterialUpdate":false,"showSkybox":false,"showFlares":true,"showImageEffects":true,"showParticleSystems":true},"in2DMode":false,"pivot":{"x":-2.2351741790771486e-8,"y":0.11142535507678986,"z":0.0038374662399291994},"rotation":{"x":-0.047583721578121188,"y":0.9493284821510315,"z":-0.2554001212120056,"w":-0.17687098681926728},"size":1.2905182838439942,"orthographic":false}